"Besuch der Accademia di Belle Arti [Florenz], 7.5.1914",1914-05-07,2121,50785
"Besuch der Accademia di Belle Arti [Florenz], 16.9.1925",1925-09-16,2121,50785
"Besuch der Albertina, 10.12.1908",1908-12-10,2121,333
"Besuch der Albertina, 5.4.1922",1922-04-05,2121,333
"Besuch der Alten Pinakothek, 4.6.1894",1894-06-04,2121,511
"Besuch der Alten Pinakothek, 29.8.1895",1895-08-29,2121,511
"Besuch der Alten Pinakothek, 3.9.1895",1895-09-03,2121,511
"Besuch der Alten Pinakothek, 8.4.1897",1897-04-08,2121,511
"Besuch der Alten Pinakothek, 9.4.1897",1897-04-09,2121,511
"Besuch der Alten Pinakothek, 15.9.1899",1899-09-15,2121,511
"Besuch der Alten Pinakothek, 4.5.1908",1908-05-04,2121,511
"Besuch der Alten Pinakothek, 23.6.1921",1921-06-23,2121,511
"Besuch der Alten Pinakothek, 22.4.1922",1922-04-22,2121,511
"Besuch des Alten Joanneums, 14.7.1898",1898-07-14,2121,200910
"Besuch von Bargello, 14.4.1901",1901-04-14,2121,231514
"Besuch von Bargello, 6.5.1914",1914-05-06,2121,231514
"Besuch des Bayerischen Armeemuseums, 23.6.1921",1921-06-23,2121,256574
"Besuch des Bayerischen Nationalmuseums, 7.5.1908",1908-05-07,2121,233217
"Besuch des Bayerischen Nationalmuseums, 11.9.1908",1908-09-11,2121,233217
"Besuch des Bayerischen Nationalmuseums, 30.8.1921",1921-08-30,2121,233217
"Besuch des Bayerischen Nationalmuseums, 2.9.1928",1928-09-02,2121,233217
"Besuch des Beethoven-Hauses, 11.3.1921",1921-03-11,2121,292500
"Besuch des Ca’ d’Oro, 1.6.1903",1903-06-01,2121,232830
"Besuch von Det Hanseatiske Museum og Schøtstuene, 11.7.1896",1896-07-11,2121,199721
"Besuch von Drottningholms Slottsteater, 21.5.1923",1923-05-21,2121,62289
"Besuch der Engelsburg, 4.4.1901",1901-04-04,2121,41949
"Besuch der Gallerie dell’Accademia, 19.9.1892",1892-09-19,2121,43220
"Besuch der Gallerie dell’Accademia, 30.5.1903",1903-05-30,2121,43220
"Besuch der Gallerie dell’Accademia, 17.5.1912",1912-05-17,2121,43220
"Besuch der Gallerie dell’Accademia, 12.9.1927",1927-09-12,2121,43220
"Besuch des Geburtshauses von Tizian, 24.8.1893",1893-08-24,2121,192810
"Besuch des Germanischen Nationalmuseums, 14.7.1895",1895-07-14,2121,199200
"Besuch des Germanischen Nationalmuseums, 18.9.1899",1899-09-18,2121,199200
"Besuch des Germanischen Nationalmuseums, 8.7.1923",1923-07-08,2121,199200
"Besuch des Gewerbemuseums, 3.12.1898",1898-12-03,2121,201129
"Besuch des Gewerbemuseums, 15.12.1900",1900-12-15,2121,201129
"Besuch des Gewerbemuseums, 5.12.1901",1901-12-05,2121,201129
"Besuch des Gewerbemuseums, 30.11.1903",1903-11-30,2121,201129
"Besuch des Gewerbemuseums, 21.6.1912",1912-06-21,2121,201129
"Besuch des Gewerbemuseums, 17.1.1928",1928-01-17,2121,201129
"Besuch des Gletschergartens Luzern, 22.8.1898",1898-08-22,2121,200959
"Besuch des Gletschergartens Luzern, 23.5.1910",1910-05-23,2121,200959
"Besuch des Gletschergartens Luzern, 24.8.1924",1924-08-24,2121,200959
"Besuch der Glyptothek, 7.6.1894",1894-06-07,2121,102
"Besuch der Glyptothek, 8.4.1897",1897-04-08,2121,102
"Besuch der Glyptothek, 6.5.1908",1908-05-06,2121,102
"Besuch des Goethehäuschens, 16.8.1906",1906-08-16,2121,238193
"Besuch von Goethes Wohnhaus, 13.8.1906",1906-08-13,2121,191
"Besuch des Grünen Gewölbes, 17.2.1906",1906-02-17,2121,237324
"Besuch des Historischen Museums Basel, 12.8.1898",1898-08-12,2121,200942
"Besuch des Hohenzollernmuseums, 14.10.1902",1902-10-14,2121,232183
"Besuch des Hunterian Museums, 2.6.1888",1888-06-02,2121,185232
"Besuch des Kaiserpanoramas [Wien, Schubertring 4], 12.12.1903",1903-12-12,2121,233517
"Besuch des Kaiserpanoramas [Wien, Schubertring 4], 15.12.1903",1903-12-15,2121,233517
"Besuch des Kaiserpanoramas [Wien, Schubertring 4], 17.12.1903",1903-12-17,2121,233517
"Besuch des Kaiserpanoramas [Wien, Schubertring 4], 22.12.1903",1903-12-22,2121,233517
"Besuch des Kaiserpanoramas [Wien, Schubertring 4], 23.12.1903",1903-12-23,2121,233517
"Besuch des Kaiserpanoramas [Wien, Schubertring 4], 4.1.1904",1904-01-04,2121,233517
"Besuch des Kaiserpanoramas [Wien, Schubertring 4], 5.1.1904",1904-01-05,2121,233517
"Besuch des Kaiserpanoramas [Wien, Schubertring 4], 15.1.1904",1904-01-15,2121,233517
"Besuch des Kaiserpanoramas [Wien, Schubertring 4], 26.1.1904",1904-01-26,2121,233517
"Besuch des Kaiserpanoramas [Wien, Schubertring 4], 26.2.1904",1904-02-26,2121,233517
"Besuch des Kaiserpanoramas [Wien, Schubertring 4], 7.3.1904",1904-03-07,2121,233517
"Besuch des Kaiserpanoramas [Wien, Schubertring 4], 8.3.1904",1904-03-08,2121,233517
"Besuch des Kaiserpanoramas [Wien, Schubertring 4], 14.3.1904",1904-03-14,2121,233517
"Besuch des Kaiserpanoramas [Wien, Schubertring 4], 15.3.1904",1904-03-15,2121,233517
"Besuch des Kaiserpanoramas [Wien, Schubertring 4], 22.3.1904",1904-03-22,2121,233517
"Besuch des Kaiserpanoramas [Wien, Schubertring 4], 23.3.1904",1904-03-23,2121,233517
"Besuch des Kaiserpanoramas [Wien, Schubertring 4], 4.4.1904",1904-04-04,2121,233517
"Besuch des Kaiserpanoramas [Wien, Schubertring 4], 15.4.1904",1904-04-15,2121,233517
"Besuch des Kaiserpanoramas [Wien, Schubertring 4], 18.4.1904",1904-04-18,2121,233517
"Besuch des Kaiserpanoramas [Wien, Schubertring 4], 19.4.1904",1904-04-19,2121,233517
"Besuch des Kaiserpanoramas [Wien, Schubertring 4], 29.4.1904",1904-04-29,2121,233517
"Besuch des Kaiserpanoramas [Wien, Schubertring 4], 4.6.1904",1904-06-04,2121,233517
"Besuch des Kaiserpanoramas [Wien, Schubertring 4], 10.6.1904",1904-06-10,2121,233517
"Besuch des Kaiserpanoramas [Wien, Schubertring 4], 11.6.1904",1904-06-11,2121,233517
"Besuch des Kaiserpanoramas [Wien, Schubertring 4], 13.6.1904",1904-06-13,2121,233517
"Besuch des Kaiserpanoramas [Wien, Schubertring 4], 14.6.1904",1904-06-14,2121,233517
"Besuch des Kaiserpanoramas [Wien, Schubertring 4], 21.6.1904",1904-06-21,2121,233517
"Besuch des Kaiserpanoramas [Wien, Schubertring 4], 22.6.1904",1904-06-22,2121,233517
"Besuch des Kaiserpanoramas [Wien, Schubertring 4], 25.10.1904",1904-10-25,2121,233517
"Besuch des Kaiserpanoramas [Wien, Schubertring 4], 3.2.1905",1905-02-03,2121,233517
"Besuch des Kaiserpanoramas [Wien, Schubertring 4], 7.2.1905",1905-02-07,2121,233517
"Besuch des Kaiserpanoramas [Wien, Schubertring 4], 17.2.1905",1905-02-17,2121,233517
"Besuch des Kaiserpanoramas [Wien, Schubertring 4], 25.2.1905",1905-02-25,2121,233517
"Besuch des Kaiserpanoramas [Wien, Schubertring 4], 22.4.1905",1905-04-22,2121,233517
"Besuch des Kaiserpanoramas [Wien, Schubertring 4], 15.2.1906",1906-02-15,2121,233517
"Besuch des Kaiserpanoramas [Wien, Schubertring 4], 6.3.1906",1906-03-06,2121,233517
"Besuch des Kaiserpanoramas [Wien, Schubertring 4], 22.3.1906",1906-03-22,2121,233517
"Besuch des Kaiserpanoramas [Wien, Schubertring 4], 3.4.1906",1906-04-03,2121,233517
"Besuch des Kaiserpanoramas [Wien, Schubertring 4], 10.4.1906",1906-04-10,2121,233517
"Besuch des Kaiserpanoramas [Wien, Schubertring 4], 24.4.1906",1906-04-24,2121,233517
"Besuch des Kaiserpanoramas [Wien, Schubertring 4], 5.5.1906",1906-05-05,2121,233517
"Besuch des Kaiserpanoramas [Wien, Schubertring 4], 5.6.1906",1906-06-05,2121,233517
"Besuch des Kaiserpanoramas [Wien, Schubertring 4], 12.6.1906",1906-06-12,2121,233517
"Besuch des Kaiserpanoramas [Wien, Schubertring 4], 19.6.1906",1906-06-19,2121,233517
"Besuch des Kaiserpanoramas [Wien, Schubertring 4], 25.9.1906",1906-09-25,2121,233517
"Besuch des Kaiserpanoramas [Wien, Schubertring 4], 2.10.1906",1906-10-02,2121,233517
"Besuch des Kaiserpanoramas [Wien, Schubertring 4], 9.10.1906",1906-10-09,2121,233517
"Besuch des Kaiserpanoramas [Wien, Schubertring 4], 22.10.1906",1906-10-22,2121,233517
"Besuch des Kaiserpanoramas [Wien, Schubertring 4], 31.10.1906",1906-10-31,2121,233517
"Besuch des Kaiserpanoramas [Wien, Schubertring 4], 6.11.1906",1906-11-06,2121,233517
"Besuch des Kaiserpanoramas [Wien, Schubertring 4], 17.11.1906",1906-11-17,2121,233517
"Besuch des Kaiserpanoramas [Wien, Schubertring 4], 20.11.1906",1906-11-20,2121,233517
"Besuch des Kaiserpanoramas [Wien, Schubertring 4], 26.11.1906",1906-11-26,2121,233517
"Besuch des Kaiserpanoramas [Wien, Schubertring 4], 3.12.1906",1906-12-03,2121,233517
"Besuch des Kaiserpanoramas [Wien, Schubertring 4], 11.12.1906",1906-12-11,2121,233517
"Besuch des Kaiserpanoramas [Wien, Schubertring 4], 19.12.1906",1906-12-19,2121,233517
"Besuch des Kaiserpanoramas [Wien, Schubertring 4], 28.12.1906",1906-12-28,2121,233517
"Besuch des Kaiserpanoramas [Wien, Schubertring 4], 7.1.1907",1907-01-07,2121,233517
"Besuch des Kaiserpanoramas [Wien, Schubertring 4], 15.1.1907",1907-01-15,2121,233517
"Besuch des Kaiserpanoramas [Wien, Schubertring 4], 22.1.1907",1907-01-22,2121,233517
"Besuch des Kaiserpanoramas [Wien, Schubertring 4], 31.1.1907",1907-01-31,2121,233517
"Besuch des Kaiserpanoramas [Wien, Schubertring 4], 7.2.1907",1907-02-07,2121,233517
"Besuch des Kaiserpanoramas [Wien, Schubertring 4], 14.2.1907",1907-02-14,2121,233517
"Besuch des Kaiserpanoramas [Wien, Schubertring 4], 19.2.1907",1907-02-19,2121,233517
"Besuch des Kaiserpanoramas [Wien, Schubertring 4], 2.3.1907",1907-03-02,2121,233517
"Besuch des Kaiserpanoramas [Wien, Schubertring 4], 5.3.1907",1907-03-05,2121,233517
"Besuch des Kaiserpanoramas [Wien, Schubertring 4], 12.3.1907",1907-03-12,2121,233517
"Besuch des Kaiserpanoramas [Wien, Schubertring 4], 21.3.1907",1907-03-21,2121,233517
"Besuch des Kaiserpanoramas [Wien, Schubertring 4], 26.3.1907",1907-03-26,2121,233517
"Besuch des Kaiserpanoramas [Wien, Schubertring 4], 4.4.1907",1907-04-04,2121,233517
"Besuch des Kaiserpanoramas [Wien, Schubertring 4], 8.4.1907",1907-04-08,2121,233517
"Besuch des Kaiserpanoramas [Wien, Schubertring 4], 25.4.1907",1907-04-25,2121,233517
"Besuch des Kaiserpanoramas [Wien, Schubertring 4], 11.5.1907",1907-05-11,2121,233517
"Besuch des Kaiserpanoramas [Wien, Schubertring 4], 14.6.1907",1907-06-14,2121,233517
"Besuch des Kaiserpanoramas [Wien, Schubertring 4], 18.10.1907",1907-10-18,2121,233517
"Besuch des Kaiserpanoramas [Wien, Schubertring 4], 29.10.1907",1907-10-29,2121,233517
"Besuch des Kaiserpanoramas [Wien, Schubertring 4], 24.3.1908",1908-03-24,2121,233517
"Besuch des Kaiserpanoramas [Wien, Schubertring 4], 27.3.1908",1908-03-27,2121,233517
"Besuch des Kaiserpanoramas [Wien, Schubertring 4], 6.4.1908",1908-04-06,2121,233517
"Besuch des Kaiserpanoramas [Wien, Schubertring 4], 13.4.1908",1908-04-13,2121,233517
"Besuch des Kaiserpanoramas [Wien, Schubertring 4], 25.4.1908",1908-04-25,2121,233517
"Besuch des Kaiserpanoramas [Wien, Schubertring 4], 19.5.1908",1908-05-19,2121,233517
"Besuch des Kaiserpanoramas [Wien, Schubertring 4], 25.5.1908",1908-05-25,2121,233517
"Besuch des Kaiserpanoramas [Wien, Schubertring 4], 2.6.1908",1908-06-02,2121,233517
"Besuch des Kaiserpanoramas [Wien, Schubertring 4], 5.11.1908",1908-11-05,2121,233517
"Besuch des Kaiserpanoramas [Wien, Schubertring 4], 19.11.1908",1908-11-19,2121,233517
"Besuch des Kaiserpanoramas [Wien, Schubertring 4], 26.11.1908",1908-11-26,2121,233517
"Besuch des Kaiserpanoramas [Wien, Schubertring 4], 17.12.1908",1908-12-17,2121,233517
"Besuch des Kaiserpanoramas [Wien, Schubertring 4], 16.1.1909",1909-01-16,2121,233517
"Besuch des Kaiserpanoramas [Wien, Schubertring 4], 20.1.1909",1909-01-20,2121,233517
"Besuch des Kaiserpanoramas [Wien, Schubertring 4], 9.2.1909",1909-02-09,2121,233517
"Besuch des Kaiserpanoramas [Wien, Schubertring 4], 23.2.1909",1909-02-23,2121,233517
"Besuch des Kaiserpanoramas [Wien, Schubertring 4], 25.2.1909",1909-02-25,2121,233517
"Besuch des Kaiserpanoramas [Wien, Schubertring 4], 4.3.1909",1909-03-04,2121,233517
"Besuch des Kaiserpanoramas [Wien, Schubertring 4], 6.3.1909",1909-03-06,2121,233517
"Besuch des Kaiserpanoramas [Wien, Schubertring 4], 9.3.1909",1909-03-09,2121,233517
"Besuch des Kaiserpanoramas [Wien, Schubertring 4], 11.3.1909",1909-03-11,2121,233517
"Besuch des Kaiserpanoramas [Wien, Schubertring 4], 25.3.1909",1909-03-25,2121,233517
"Besuch des Kaiserpanoramas [Wien, Schubertring 4], 30.3.1909",1909-03-30,2121,233517
"Besuch des Kaiserpanoramas [Wien, Schubertring 4], 8.4.1909",1909-04-08,2121,233517
"Besuch des Kaiserpanoramas [Wien, Schubertring 4], 9.4.1909",1909-04-09,2121,233517
"Besuch des Kaiserpanoramas [Wien, Schubertring 4], 15.4.1909",1909-04-15,2121,233517
"Besuch des Kaiserpanoramas [Wien, Schubertring 4], 20.4.1909",1909-04-20,2121,233517
"Besuch des Kaiserpanoramas [Wien, Schubertring 4], 21.4.1909",1909-04-21,2121,233517
"Besuch des Kaiserpanoramas [Wien, Schubertring 4], 3.5.1909",1909-05-03,2121,233517
"Besuch des Kaiserpanoramas [Wien, Schubertring 4], 5.5.1909",1909-05-05,2121,233517
"Besuch des Kaiserpanoramas [Wien, Schubertring 4], 22.5.1909",1909-05-22,2121,233517
"Besuch des Kaiserpanoramas [Wien, Schubertring 4], 18.10.1909",1909-10-18,2121,233517
"Besuch des Kaiserpanoramas [Wien, Schubertring 4], 3.11.1909",1909-11-03,2121,233517
"Besuch des Kaiserpanoramas [Wien, Schubertring 4], 22.11.1909",1909-11-22,2121,233517
"Besuch des Kaiserpanoramas [Wien, Schubertring 4], 15.1.1910",1910-01-15,2121,233517
"Besuch des Kaiserpanoramas [Wien, Schubertring 4], 26.2.1910",1910-02-26,2121,233517
"Besuch des Kaiserpanoramas [Wien, Schubertring 4], 15.3.1910",1910-03-15,2121,233517
"Besuch des Kaiserpanoramas [Wien, Schubertring 4], 17.3.1910",1910-03-17,2121,233517
"Besuch des Kaiserpanoramas [Wien, Schubertring 4], 21.3.1910",1910-03-21,2121,233517
"Besuch des Kaiserpanoramas [Wien, Schubertring 4], 9.4.1910",1910-04-09,2121,233517
"Besuch des Kaiserpanoramas [Wien, Schubertring 4], 20.4.1910",1910-04-20,2121,233517
"Besuch des Kaiserpanoramas [Wien, Schubertring 4], 27.4.1910",1910-04-27,2121,233517
"Besuch des Kaiserpanoramas [Wien, Schubertring 4], 9.5.1910",1910-05-09,2121,233517
"Besuch des Kaiserpanoramas [Wien, Schubertring 4], 29.10.1910",1910-10-29,2121,233517
"Besuch des Kaiserpanoramas [Wien, Schubertring 4], 11.1.1911",1911-01-11,2121,233517
"Besuch des Kaiserpanoramas [Wien, Schubertring 4], 10.2.1911",1911-02-10,2121,233517
"Besuch des Kaiserpanoramas [Wien, Schubertring 4], 15.2.1911",1911-02-15,2121,233517
"Besuch des Kaiserpanoramas [Wien, Schubertring 4], 6.3.1911",1911-03-06,2121,233517
"Besuch des Kaiserpanoramas [Wien, Schubertring 4], 24.3.1911",1911-03-24,2121,233517
"Besuch des Kaiserpanoramas [Wien, Schubertring 4], 29.3.1911",1911-03-29,2121,233517
"Besuch des Kaiserpanoramas [Wien, Schubertring 4], 4.4.1911",1911-04-04,2121,233517
"Besuch des Kaiserpanoramas [Wien, Schubertring 4], 17.6.1911",1911-06-17,2121,233517
"Besuch des Kaiserpanoramas [Wien, Schubertring 4], 29.3.1912",1912-03-29,2121,233517
"Besuch des Kaiserpanoramas [Wien, Schubertring 4], 30.9.1912",1912-09-30,2121,233517
"Besuch des Kaiserpanoramas [Wien, Schubertring 4], 18.12.1912",1912-12-18,2121,233517
"Besuch des Kaiserpanoramas [Wien, Schubertring 4], 10.7.1913",1913-07-10,2121,233517
"Besuch des Kaiserpanoramas [Wien, Schubertring 4], 8.10.1913",1913-10-08,2121,233517
"Besuch des Kaiserpanoramas [Wien, Schubertring 4], 21.10.1913",1913-10-21,2121,233517
"Besuch des Kaiserpanoramas [Wien, Schubertring 4], 15.1.1914",1914-01-15,2121,233517
"Besuch des Kaiserpanoramas [Wien, Schubertring 4], 8.3.1914",1914-03-08,2121,233517
"Besuch des Kaiserpanoramas [Wien, Schubertring 4], 16.10.1914",1914-10-16,2121,233517
"Besuch des Kaiserpanoramas [Wien, Schubertring 4], 18.11.1914",1914-11-18,2121,233517
"Besuch des Kaiserpanoramas [Wien, Schubertring 4], 26.11.1914",1914-11-26,2121,233517
"Besuch des Kaiserpanoramas [Wien, Schubertring 4], 5.12.1914",1914-12-05,2121,233517
"Besuch des Kaiserpanoramas [Wien, Schubertring 4], 17.12.1914",1914-12-17,2121,233517
"Besuch des Kaiserpanoramas [Wien, Schubertring 4], 24.12.1914",1914-12-24,2121,233517
"Besuch des Kaiserpanoramas [Wien, Schubertring 4], 12.1.1915",1915-01-12,2121,233517
"Besuch des Kaiserpanoramas [Wien, Schubertring 4], 21.1.1915",1915-01-21,2121,233517
"Besuch des Kaiserpanoramas [Wien, Schubertring 4], 16.2.1915",1915-02-16,2121,233517
"Besuch des Kaiserpanoramas [Wien, Schubertring 4], 25.2.1915",1915-02-25,2121,233517
"Besuch des Kaiserpanoramas [Wien, Schubertring 4], 9.3.1915",1915-03-09,2121,233517
"Besuch des Kaiserpanoramas [Wien, Schubertring 4], 8.4.1915",1915-04-08,2121,233517
"Besuch des Kaiserpanoramas [Wien, Schubertring 4], 15.4.1915",1915-04-15,2121,233517
"Besuch des Kaiserpanoramas [Wien, Schubertring 4], 4.5.1915",1915-05-04,2121,233517
"Besuch des Kaiserpanoramas [Wien, Schubertring 4], 5.6.1915",1915-06-05,2121,233517
"Besuch des Kaiserpanoramas [Wien, Schubertring 4], 21.6.1915",1915-06-21,2121,233517
"Besuch des Kaiserpanoramas [Wien, Schubertring 4], 3.7.1915",1915-07-03,2121,233517
"Besuch des Kaiserpanoramas [Wien, Schubertring 4], 15.7.1915",1915-07-15,2121,233517
"Besuch des Kaiserpanoramas [Wien, Schubertring 4], 18.9.1915",1915-09-18,2121,233517
"Besuch des Kaiserpanoramas [Wien, Schubertring 4], 1.10.1915",1915-10-01,2121,233517
"Besuch des Kaiserpanoramas [Wien, Schubertring 4], 14.10.1915",1915-10-14,2121,233517
"Besuch des Kaiserpanoramas [Wien, Schubertring 4], 18.10.1915",1915-10-18,2121,233517
"Besuch des Kaiserpanoramas [Wien, Schubertring 4], 4.2.1916",1916-02-04,2121,233517
"Besuch des Kaiserpanoramas [Wien, Schubertring 4], 10.2.1916",1916-02-10,2121,233517
"Besuch des Kaiserpanoramas [Wien, Schubertring 4], 15.2.1916",1916-02-15,2121,233517
"Besuch des Kaiserpanoramas [Wien, Schubertring 4], 14.3.1916",1916-03-14,2121,233517
"Besuch des Kaiserpanoramas [Wien, Schubertring 4], 21.3.1916",1916-03-21,2121,233517
"Besuch des Kaiserpanoramas [Wien, Schubertring 4], 13.4.1916",1916-04-13,2121,233517
"Besuch des Kaiserpanoramas [Wien, Schubertring 4], 25.4.1916",1916-04-25,2121,233517
"Besuch des Kaiserpanoramas [Wien, Schubertring 4], 14.6.1916",1916-06-14,2121,233517
"Besuch des Kaiserpanoramas [Wien, Schubertring 4], 21.6.1916",1916-06-21,2121,233517
"Besuch des Kaiserpanoramas [Wien, Schubertring 4], 7.10.1916",1916-10-07,2121,233517
"Besuch des Kaiserpanoramas [Wien, Schubertring 4], 9.11.1916",1916-11-09,2121,233517
"Besuch des Kaiserpanoramas [Wien, Schubertring 4], 25.11.1916",1916-11-25,2121,233517
"Besuch des Kaiserpanoramas [Wien, Schubertring 4], 28.11.1916",1916-11-28,2121,233517
"Besuch des Kaiserpanoramas [Wien, Schubertring 4], 28.12.1916",1916-12-28,2121,233517
"Besuch des Kaiserpanoramas [Wien, Schubertring 4], 20.1.1917",1917-01-20,2121,233517
"Besuch des Kaiserpanoramas [Wien, Schubertring 4], 30.1.1917",1917-01-30,2121,233517
"Besuch des Kaiserpanoramas [Wien, Schubertring 4], 24.3.1917",1917-03-24,2121,233517
"Besuch des Kaiserpanoramas [Wien, Schubertring 4], 27.3.1917",1917-03-27,2121,233517
"Besuch des Kaiserpanoramas [Wien, Schubertring 4], 12.4.1917",1917-04-12,2121,233517
"Besuch des Kaiserpanoramas [Wien, Schubertring 4], 19.4.1917",1917-04-19,2121,233517
"Besuch des Kaiserpanoramas [Wien, Schubertring 4], 24.4.1917",1917-04-24,2121,233517
"Besuch des Kaiserpanoramas [Wien, Schubertring 4], 1.5.1917",1917-05-01,2121,233517
"Besuch des Kaiserpanoramas [Wien, Schubertring 4], 12.5.1917",1917-05-12,2121,233517
"Besuch des Kaiserpanoramas [Wien, Schubertring 4], 17.7.1917",1917-07-17,2121,233517
"Besuch des Kaiserpanoramas [Wien, Schubertring 4], 28.8.1917",1917-08-28,2121,233517
"Besuch des Kaiserpanoramas [Wien, Schubertring 4], 29.1.1918",1918-01-29,2121,233517
"Besuch des Kaiserpanoramas [Wien, Schubertring 4], 5.3.1918",1918-03-05,2121,233517
"Besuch des Kaiserpanoramas [Wien, Schubertring 4], 12.3.1918",1918-03-12,2121,233517
"Besuch des Kaiserpanoramas [Wien, Schubertring 4], 6.4.1918",1918-04-06,2121,233517
"Besuch des Kaiserpanoramas [Wien, Schubertring 4], 11.4.1918",1918-04-11,2121,233517
"Besuch des Kaiserpanoramas [Wien, Schubertring 4], 16.4.1918",1918-04-16,2121,233517
"Besuch des Kaiserpanoramas [Wien, Schubertring 4], 23.4.1918",1918-04-23,2121,233517
"Besuch des Kaiserpanoramas [Wien, Schubertring 4], 30.4.1918",1918-04-30,2121,233517
"Besuch des Kaiserpanoramas [Wien, Stubenring 12], 27.7.1918",1918-07-27,2121,238481
"Besuch des Kaiserpanoramas [Wien, Stubenring 12], 30.7.1918",1918-07-30,2121,238481
"Besuch des Kaiserpanoramas [Wien, Stubenring 12], 24.9.1918",1918-09-24,2121,238481
"Besuch des Kaiserpanoramas [Wien, Stubenring 12], 20.5.1919",1919-05-20,2121,238481
"Besuch des Kaiserpanoramas [Wien, Stubenring 12], 31.5.1919",1919-05-31,2121,238481
"Besuch des Kaiserpanoramas [Wien, Stubenring 12], 4.10.1919",1919-10-04,2121,238481
"Besuch des Kaiserpanoramas [Wien, Stubenring 12], 13.10.1919",1919-10-13,2121,238481
"Besuch des Kaiserpanoramas [Wien, Stubenring 12], 7.10.1920",1920-10-07,2121,238481
"Besuch des Kaiserpanoramas [Wien, Stubenring 12], 18.2.1921",1921-02-18,2121,238481
"Besuch des Kaiserpanoramas [Wien, Stubenring 12], 29.4.1921",1921-04-29,2121,238481
"Besuch des Kaiserpanoramas [Wien, Stubenring 12], 17.5.1921",1921-05-17,2121,238481
"Besuch des Kaiserpanoramas [Wien, Stubenring 12], 30.9.1921",1921-09-30,2121,238481
"Besuch des Kaiserpanoramas [Wien, Stubenring 12], 22.11.1922",1922-11-22,2121,238481
"Besuch des Kaiserpanoramas [Wien, Stubenring 12], 22.6.1923",1923-06-22,2121,238481
"Besuch des Koninklijk Kabinet van Schilderijen Mauritshuis, 25.5.1914",1914-05-25,2121,245754
"Besuch des Koninklijk Kabinet van Schilderijen Mauritshuis, 27.4.1922",1922-04-27,2121,245754
"Besuch des Kunsthistorischen Museums, 20.4.1892",1892-04-20,2121,47660
"Besuch des Kunsthistorischen Museums, 9.1.1893",1893-01-09,2121,47660
"Besuch des Kunsthistorischen Museums, 11.1.1893",1893-01-11,2121,47660
"Besuch des Kunsthistorischen Museums, 13.1.1893",1893-01-13,2121,47660
"Besuch des Kunsthistorischen Museums, 16.2.1894",1894-02-16,2121,47660
"Besuch des Kunsthistorischen Museums, 7.3.1894",1894-03-07,2121,47660
"Besuch des Kunsthistorischen Museums, 2.1.1895",1895-01-02,2121,47660
"Besuch des Kunsthistorischen Museums, 9.1.1895",1895-01-09,2121,47660
"Besuch des Kunsthistorischen Museums, 14.1.1895",1895-01-14,2121,47660
"Besuch des Kunsthistorischen Museums, 16.1.1895",1895-01-16,2121,47660
"Besuch des Kunsthistorischen Museums, 18.1.1895",1895-01-18,2121,47660
"Besuch des Kunsthistorischen Museums, 18.3.1895",1895-03-18,2121,47660
"Besuch des Kunsthistorischen Museums, 22.5.1895",1895-05-22,2121,47660
"Besuch des Kunsthistorischen Museums, 13.3.1896",1896-03-13,2121,47660
"Besuch des Kunsthistorischen Museums, 22.5.1896",1896-05-22,2121,47660
"Besuch des Kunsthistorischen Museums, 5.6.1896",1896-06-05,2121,47660
"Besuch des Kunsthistorischen Museums, 17.9.1897",1897-09-17,2121,47660
"Besuch des Kunsthistorischen Museums, 31.5.1898",1898-05-31,2121,47660
"Besuch des Kunsthistorischen Museums, 3.6.1898",1898-06-03,2121,47660
"Besuch des Kunsthistorischen Museums, 7.7.1898",1898-07-07,2121,47660
"Besuch des Kunsthistorischen Museums, 21.9.1898",1898-09-21,2121,47660
"Besuch des Kunsthistorischen Museums, 11.1.1899",1899-01-11,2121,47660
"Besuch des Kunsthistorischen Museums, 17.1.1899",1899-01-17,2121,47660
"Besuch des Kunsthistorischen Museums, 11.7.1899",1899-07-11,2121,47660
"Besuch des Kunsthistorischen Museums, 20.3.1900",1900-03-20,2121,47660
"Besuch des Kunsthistorischen Museums, 11.5.1900",1900-05-11,2121,47660
"Besuch des Kunsthistorischen Museums, 28.9.1900",1900-09-28,2121,47660
"Besuch des Kunsthistorischen Museums, 10.9.1901",1901-09-10,2121,47660
"Besuch des Kunsthistorischen Museums, 13.9.1901",1901-09-13,2121,47660
"Besuch des Kunsthistorischen Museums, 8.11.1901",1901-11-08,2121,47660
"Besuch des Kunsthistorischen Museums, 29.8.1903",1903-08-29,2121,47660
"Besuch des Kunsthistorischen Museums, 30.8.1903",1903-08-30,2121,47660
"Besuch des Kunsthistorischen Museums, 24.11.1906",1906-11-24,2121,47660
"Besuch des Kunsthistorischen Museums, 4.12.1906",1906-12-04,2121,47660
"Besuch des Kunsthistorischen Museums, 10.10.1909",1909-10-10,2121,47660
"Besuch des Kunsthistorischen Museums, 28.12.1910",1910-12-28,2121,47660
"Besuch des Kunsthistorischen Museums, 27.9.1913",1913-09-27,2121,47660
"Besuch des Kunsthistorischen Museums, 12.10.1913",1913-10-12,2121,47660
"Besuch des Kunsthistorischen Museums, 21.10.1913",1913-10-21,2121,47660
"Besuch des Kunsthistorischen Museums, 10.7.1914",1914-07-10,2121,47660
"Besuch des Kunsthistorischen Museums, 6.7.1915",1915-07-06,2121,47660
"Besuch des Kunsthistorischen Museums, 12.10.1915",1915-10-12,2121,47660
"Besuch des Kunsthistorischen Museums, 29.2.1916",1916-02-29,2121,47660
"Besuch des Kunsthistorischen Museums, 28.11.1916",1916-11-28,2121,47660
"Besuch des Kunsthistorischen Museums, 30.12.1917",1917-12-30,2121,47660
"Besuch des Kunsthistorischen Museums, 7.5.1918",1918-05-07,2121,47660
"Besuch des Kunsthistorischen Museums, 10.8.1920",1920-08-10,2121,47660
"Besuch des Kunsthistorischen Museums, 18.1.1924",1924-01-18,2121,47660
"Besuch des Kunsthistorischen Museums, 11.7.1924",1924-07-11,2121,47660
"Besuch des Kunsthistorischen Museums, 27.5.1925",1925-05-27,2121,47660
"Besuch des Kunsthistorischen Museums, 21.7.1926",1926-07-21,2121,47660
"Besuch des Kunsthistorischen Museums, 2.1.1931",1931-01-02,2121,47660
"Besuch des Kunstmuseums Basel, 12.8.1898",1898-08-12,2121,200939
"Besuch des Künstlerhauses, 10.11.1885",1885-11-10,2121,21
"Besuch des Künstlerhauses, 28.3.1890",1890-03-28,2121,21
"Besuch des Künstlerhauses, 23.5.1894",1894-05-23,2121,21
"Besuch des Künstlerhauses, 2.12.1894",1894-12-02,2121,21
"Besuch des Künstlerhauses, 21.12.1894",1894-12-21,2121,21
"Besuch des Künstlerhauses, 5.1.1895",1895-01-05,2121,21
"Besuch des Künstlerhauses, 31.3.1895",1895-03-31,2121,21
"Besuch des Künstlerhauses, 15.5.1895",1895-05-15,2121,21
"Besuch des Künstlerhauses, 13.12.1895",1895-12-13,2121,21
"Besuch des Künstlerhauses, 31.3.1896",1896-03-31,2121,21
"Besuch des Künstlerhauses, 19.12.1896",1896-12-19,2121,21
"Besuch des Künstlerhauses, 6.5.1898",1898-05-06,2121,21
"Besuch des Künstlerhauses, 17.5.1898",1898-05-17,2121,21
"Besuch des Künstlerhauses, 27.5.1898",1898-05-27,2121,21
"Besuch des Künstlerhauses, 26.10.1898",1898-10-26,2121,21
"Besuch des Künstlerhauses, 9.5.1900",1900-05-09,2121,21
"Besuch des Künstlerhauses, 22.12.1900",1900-12-22,2121,21
"Besuch des Künstlerhauses, 15.12.1906",1906-12-15,2121,21
"Besuch des Künstlerhauses, 18.3.1909",1909-03-18,2121,21
"Besuch des Künstlerhauses, 29.11.1909",1909-11-29,2121,21
"Besuch des Künstlerhauses, 1.7.1920",1920-07-01,2121,21
"Besuch des Künstlerhauses [Salzburg], 19.9.1904",1904-09-19,2121,1021
"Besuch des Künstlerhauses am Lenbachplatz, 4.5.1908",1908-05-04,2121,184674
"Besuch des Künstlerhauses am Lenbachplatz, 10.5.1908",1908-05-10,2121,184674
"Besuch des Künstlerhauses am Lenbachplatz, 13.5.1908",1908-05-13,2121,184674
"Besuch der Liechtenstein’sche Gemäldegalerie, 20.6.1898",1898-06-20,2121,92249
"Besuch der Liechtenstein’sche Gemäldegalerie, 1.7.1898",1898-07-01,2121,92249
"Besuch der Liechtenstein’sche Gemäldegalerie, 1.10.1900",1900-10-01,2121,92249
"Besuch der Liechtenstein’sche Gemäldegalerie, 8.10.1901",1901-10-08,2121,92249
"Besuch von Madame Tussauds, 26.5.1897",1897-05-26,2121,185374
"Besuch der Magyar Nemzeti Galéria, 19.12.1908",1908-12-19,2121,247869
"Besuch von Maison Bonaparte, 7.3.1905",1905-03-07,2121,45229
"Besuch des Mineralogischen Museums der Universität Wien, 5.4.1903",1903-04-05,2121,232611
"Besuch von Museo Civico, 1.6.1903",1903-06-01,2121,232840
"Besuch des Museums Kröller, 3.5.1922",1922-05-03,2121,288596
"Besuch des Österreichischen Museums fur Kunst und Industrie, 24.11.1902",1902-11-24,2121,83
"Besuch des Österreichischen Museums fur Kunst und Industrie, 9.6.1906",1906-06-09,2121,83
"Besuch des Österreichischen Museums fur Kunst und Industrie, 28.11.1906",1906-11-28,2121,83
"Besuch des Österreichischen Museums fur Kunst und Industrie, 15.4.1915",1915-04-15,2121,83
"Besuch des Österreichischen Museums fur Kunst und Industrie, 1.10.1915",1915-10-01,2121,83
"Besuch des Österreichischen Museums fur Kunst und Industrie, 4.10.1919",1919-10-04,2121,83
"Besuch des Österreichischen Museums fur Kunst und Industrie, 22.4.1923",1923-04-22,2121,83
"Besuch des Musée Guimet, 22.4.1897",1897-04-22,2121,200131
"Besuch des Musée National des Beaux-Arts d’Alger, 15.5.1914",1914-05-15,2121,256363
"Besuch des Musée du Louvre, 22.5.1888",1888-05-22,2121,39678
"Besuch des Musée du Louvre, 15.4.1897",1897-04-15,2121,39678
"Besuch des Musée du Louvre, 20.4.1897",1897-04-20,2121,39678
"Besuch des Musée du Louvre, 24.4.1897",1897-04-24,2121,39678
"Besuch des Musée du Louvre, 1.5.1897",1897-05-01,2121,39678
"Besuch des Musée du Louvre, 11.5.1897",1897-05-11,2121,39678
"Besuch des Musée du Louvre, 15.5.1897",1897-05-15,2121,39678
"Besuch des Musée du Louvre, 20.5.1897",1897-05-20,2121,39678
"Besuch des Musée historique de Montreux et de sa région, 8.9.1929",1929-09-08,2121,236951
"Besuch des Nederlands Museum voor Oost-Aziatische Kunst (Yi Yuan), 29.4.1922",1922-04-29,2121,288493
"Besuch der Neuen Pinakothek, 7.6.1894",1894-06-07,2121,101
"Besuch der Neuen Pinakothek, 31.8.1895",1895-08-31,2121,101
"Besuch der Neuen Pinakothek, 8.4.1897",1897-04-08,2121,101
"Besuch der Neuen Pinakothek, 9.4.1897",1897-04-09,2121,101
"Besuch der Neuen Pinakothek, 15.9.1899",1899-09-15,2121,101
"Besuch der Neuen Pinakothek, 5.5.1908",1908-05-05,2121,101
"Besuch der Neuen Pinakothek, 23.4.1922",1922-04-23,2121,101
"Besuch der Neuen Staatsgalerie, 7.5.1921",1921-05-07,2121,292932
"Besuch des Neuen Museum Weimar, 14.8.1906",1906-08-14,2121,238177
"Besuch des Oslo Kunstforening, 25.7.1896",1896-07-25,2121,199753
"Besuch des Palazzo Bianco, 29.3.1901",1901-03-29,2121,231385
"Besuch des Palazzo Doria-Pamphilj, 5.4.1901",1901-04-05,2121,231451
"Besuch des Palazzo dei Conservatori, 3.4.1901",1901-04-03,2121,231425
"Besuch des Palazzo della Pilotta, 30.8.1898",1898-08-30,2121,200987
"Besuch des Panorama Mesdag, 25.5.1914",1914-05-25,2121,245758
"Besuch der Pinacoteca Nazionale di Bologna, 31.8.1898",1898-08-31,2121,147771
"Besuch des Carolino Augusteum, 30.7.1898",1898-07-30,2121,200926
"Besuch von Carolino Augusteum, 17.9.1904",1904-09-17,2121,200926
"Besuch der Schack-Galerie München, 5.6.1894",1894-06-05,2121,194970
"Besuch der Schack-Galerie München, 10.8.1898",1898-08-10,2121,194970
"Besuch der Schack-Galerie München, 6.5.1908",1908-05-06,2121,194970
"Besuch des Schillerhauses, 13.8.1906",1906-08-13,2121,192
"Besuch des Schlossmuseum Kynžvart, 30.8.1930",1930-08-30,2121,244327
"Besuch der Secession, 10.5.1898",1898-05-10,2121,7
"Besuch der Secession, 15.2.1899",1899-02-15,2121,7
"Besuch der Secession, 22.5.1899",1899-05-22,2121,7
"Besuch der Secession, 27.1.1900",1900-01-27,2121,7
"Besuch der Secession, 6.5.1901",1901-05-06,2121,7
"Besuch der Secession, 26.11.1902",1902-11-26,2121,7
"Besuch der Secession, 5.2.1903",1903-02-05,2121,7
"Besuch der Secession, 30.1.1904",1904-01-30,2121,7
"Besuch der Secession, 30.3.1904",1904-03-30,2121,7
"Besuch der Secession, 21.1.1905",1905-01-21,2121,7
"Besuch der Secession, 7.4.1906",1906-04-07,2121,7
"Besuch der Secession, 5.3.1907",1907-03-05,2121,7
"Besuch der Secession, 10.4.1907",1907-04-10,2121,7
"Besuch der Secession, 13.2.1914",1914-02-13,2121,7
"Besuch der Secession, 15.9.1914",1914-09-15,2121,7
"Besuch der Secession, 27.10.1917",1917-10-27,2121,7
"Besuch der Secession, 14.12.1918",1918-12-14,2121,7
"Besuch der Secession, 21.6.1919",1919-06-21,2121,7
"Besuch der Secession, 5.3.1921",1921-03-05,2121,7
"Besuch der Secession, 27.4.1921",1921-04-27,2121,7
"Besuch der Secession, 4.11.1921",1921-11-04,2121,7
"Besuch der Secession, 26.9.1924",1924-09-26,2121,7
"Besuch der Secession, 7.11.1924",1924-11-07,2121,7
"Besuch der Six Collection, 26.5.1914",1914-05-26,2121,245768
"Besuch der Staatlichen Graphischen Sammlung München, 3.9.1895",1895-09-03,2121,199253
"Besuch der Stanzen des Raffael, 1.4.1901",1901-04-01,2121,231410
"Besuch der Stazione Zoologica Anton Dohrn, 14.5.1904",1904-05-14,2121,234052
"Besuch der Stazione Zoologica Anton Dohrn, 20.4.1926",1926-04-20,2121,234052
"Besuch des Theseustempels, 6.5.1916",1916-05-06,2121,245035
"Besuch des Theseustempels, 2.6.1931",1931-06-02,2121,245035
"Besuch des Thorvaldsen-Museums, 14.5.1923",1923-05-14,2121,92567
"Besuch der Uffizien, 12.4.1901",1901-04-12,2121,970
"Besuch der Uffizien, 15.4.1901",1901-04-15,2121,970
"Besuch der Uffizien, 17.4.1901",1901-04-17,2121,970
"Besuch der Uffizien, 4.5.1914",1914-05-04,2121,970
"Besuch der Uffizien, 9.5.1914",1914-05-09,2121,970
"Besuch der Uffizien, 16.9.1925",1925-09-16,2121,970
"Besuch der Vatikanischen Museen, 2.4.1901",1901-04-02,2121,356
"Besuch der Villa Borghese Pinciana, 3.4.1901",1901-04-03,2121,231434
"Besuch der Villa Borghese Pinciana, 5.5.1904",1904-05-05,2121,231434
"Besuch der Villa Durazzo Pallavicini, 4.3.1905",1905-03-04,2121,235015
"Besuch des Vittoriale degli italiani, 27.8.1927",1927-08-27,2121,248232
"Besuch des Vivariums, 14.5.1893",1893-05-14,2121,192714
"Besuch der Weimarer Fürstengruft, 14.8.1906",1906-08-14,2121,238174
"Besuch des Historischen Museums der Stadt Wien, 25.3.1911",1911-03-25,2121,250999
"Besuch der Österreichischen Galerie Belvedere, 15.2.1914",1914-02-15,2121,255932
